{
    "UNKNOWN": [
        24.050171,
        21.567905
    ],
    "DESOLATELAND": [
        35.623268,
        -14.208236
    ],
    "DELTASTREAM": [
        16.367685,
        0.014911672
    ],
    "HAIL": [
        -46.070877,
        -6.9762397
    ],
    "PRIMORDIALSEA": [
        -33.863934,
        30.042593
    ],
    "RAINDANCE": [
        -53.908958,
        17.877977
    ],
    "SANDSTORM": [
        -24.423689,
        6.1762066
    ],
    "SNOW": [
        -25.035765,
        -16.908081
    ],
    "SUNNYDAY": [
        44.530922,
        7.6464677
    ]
}